,BOOK,GENRE,RATING,PRICE
0,It's Only the Himalayas,Travel,Two,£45.17
1,Full Moon over Noahâs Ark: An Odyssey to Mount Ararat and Beyond,Travel,Four,£49.43
2,See America: A Celebration of Our National Parks & Treasured Sites,Travel,Three,£48.87
3,Vagabonding: An Uncommon Guide to the Art of Long-Term World Travel,Travel,Two,£36.94
4,Under the Tuscan Sun,Travel,Three,£37.33
5,A Summer In Europe,Travel,Two,£44.34
6,The Great Railway Bazaar,Travel,One,£30.54
7,A Year in Provence (Provence #1),Travel,Four,£56.88
8,The Road to Little Dribbling: Adventures of an American in Britain (Notes From a Small Island #2),Travel,One,£23.21
9,Neither Here nor There: Travels in Europe,Travel,Three,£38.95
10,"1,000 Places to See Before You Die",Travel,Five,£26.08
11,Sharp Objects,Mystery,Four,£47.82
12,"In a Dark, Dark Wood",Mystery,One,£19.63
13,The Past Never Ends,Mystery,Four,£56.50
14,A Murder in Time,Mystery,One,£16.64
15,The Murder of Roger Ackroyd (Hercule Poirot #4),Mystery,Four,£44.10
16,The Last Mile (Amos Decker #2),Mystery,Two,£54.21
17,That Darkness (Gardiner and Renner #1),Mystery,One,£13.92
18,Tastes Like Fear (DI Marnie Rome #3),Mystery,One,£10.69
19,A Time of Torment (Charlie Parker #14),Mystery,Five,£48.35
20,A Study in Scarlet (Sherlock Holmes #1),Mystery,Two,£16.73
21,Poisonous (Max Revere Novels #3),Mystery,Three,£26.80
22,Murder at the 42nd Street Library (Raymond Ambler #1),Mystery,Four,£54.36
23,Most Wanted,Mystery,Three,£35.28
24,Hide Away (Eve Duncan #20),Mystery,One,£11.84
25,Boar Island (Anna Pigeon #19),Mystery,Three,£59.48
26,The Widow,Mystery,Two,£27.26
27,Playing with Fire,Mystery,Three,£13.71
28,What Happened on Beale Street (Secrets of the South Mysteries #2),Mystery,Five,£25.37
29,The Bachelor Girl's Guide to Murder (Herringford and Watts Mysteries #1),Mystery,Five,£52.30
30,Delivering the Truth (Quaker Midwife Mystery #1),Mystery,Four,£20.89
31,The Mysterious Affair at Styles (Hercule Poirot #1),Mystery,Four,£24.80
32,In the Woods (Dublin Murder Squad #1),Mystery,Two,£38.38
33,The Silkworm (Cormoran Strike #2),Mystery,Five,£23.05
34,The Exiled,Mystery,Three,£43.45
35,The Cuckoo's Calling (Cormoran Strike #1),Mystery,One,£19.21
36,Extreme Prey (Lucas Davenport #26),Mystery,Three,£25.40
37,Career of Evil (Cormoran Strike #3),Mystery,Two,£24.72
38,The No. 1 Ladies' Detective Agency (No. 1 Ladies' Detective Agency #1),Mystery,Four,£57.70
39,The Girl You Lost,Mystery,Five,£12.29
40,The Girl In The Ice (DCI Erika Foster #1),Mystery,Three,£15.85
41,Blood Defense (Samantha Brinkman #1),Mystery,Three,£20.30
42,1st to Die (Women's Murder Club #1),Mystery,One,£53.98
43,Tipping the Velvet,Historical Fiction,One,£53.74
44,Forever and Forever: The Courtship of Henry Longfellow and Fanny Appleton,Historical Fiction,Three,£29.69
45,A Flight of Arrows (The Pathfinders #2),Historical Fiction,Five,£55.53
46,The House by the Lake,Historical Fiction,One,£36.95
47,Mrs. Houdini,Historical Fiction,Five,£30.25
48,The Marriage of Opposites,Historical Fiction,Four,£28.08
49,Glory over Everything: Beyond The Kitchen House,Historical Fiction,Three,£45.84
50,"Love, Lies and Spies",Historical Fiction,Two,£20.55
51,A Paris Apartment,Historical Fiction,Four,£39.01
52,Lilac Girls,Historical Fiction,Two,£17.28
53,The Constant Princess (The Tudor Court #1),Historical Fiction,Three,£16.62
54,The Invention of Wings,Historical Fiction,One,£37.34
55,World Without End (The Pillars of the Earth #2),Historical Fiction,Four,£32.97
56,The Passion of Dolssa,Historical Fiction,Five,£28.32
57,Girl With a Pearl Earring,Historical Fiction,One,£26.77
58,Voyager (Outlander #3),Historical Fiction,Five,£21.07
59,The Red Tent,Historical Fiction,Five,£35.66
60,The Last Painting of Sara de Vos,Historical Fiction,Two,£55.55
61,The Guernsey Literary and Potato Peel Pie Society,Historical Fiction,One,£49.53
62,Girl in the Blue Coat,Historical Fiction,Two,£46.83
63,Between Shades of Gray,Historical Fiction,Five,£20.79
64,While You Were Mine,Historical Fiction,Five,£41.32
65,The Secret Healer,Historical Fiction,Three,£34.56
66,Starlark,Historical Fiction,Three,£25.83
67,Lost Among the Living,Historical Fiction,Four,£27.70
68,A Spy's Devotion (The Regency Spies of London #1),Historical Fiction,Five,£16.97
69,Scott Pilgrim's Precious Little Life (Scott Pilgrim #1),Sequential Art,Five,£52.29
70,Tsubasa: WoRLD CHRoNiCLE 2 (Tsubasa WoRLD CHRoNiCLE #2),Sequential Art,One,£16.28
71,This One Summer,Sequential Art,Four,£19.49
72,The Nameless City (The Nameless City #1),Sequential Art,Four,£38.16
73,"Saga, Volume 5 (Saga (Collected Editions) #5)",Sequential Art,Two,£51.04
74,"Rat Queens, Vol. 3: Demons (Rat Queens (Collected Editions) #11-15)",Sequential Art,Three,£50.40
75,"Princess Jellyfish 2-in-1 Omnibus, Vol. 01 (Princess Jellyfish 2-in-1 Omnibus #1)",Sequential Art,Five,£13.61
76,"Pop Gun War, Volume 1: Gift",Sequential Art,One,£18.97
77,Patience,Sequential Art,Three,£10.16
78,"Outcast, Vol. 1: A Darkness Surrounds Him (Outcast #1)",Sequential Art,Four,£15.44
79,orange: The Complete Collection 1 (orange: The Complete Collection #1),Sequential Art,One,£48.41
80,"Lumberjanes, Vol. 2: Friendship to the Max (Lumberjanes #5-8)",Sequential Art,Two,£46.91
81,"Lumberjanes, Vol. 1: Beware the Kitten Holy (Lumberjanes #1-4)",Sequential Art,Three,£45.61
82,Lumberjanes Vol. 3: A Terrible Plan (Lumberjanes #9-12),Sequential Art,Two,£19.92
83,"I Hate Fairyland, Vol. 1: Madly Ever After (I Hate Fairyland (Compilations) #1-5)",Sequential Art,Two,£29.17
84,I am a Hero Omnibus Volume 1,Sequential Art,Three,£54.63
85,"Giant Days, Vol. 2 (Giant Days #5-8)",Sequential Art,Two,£22.11
86,Danganronpa Volume 1,Sequential Art,Four,£51.99
87,"Codename Baboushka, Volume 1: The Conclave of Death",Sequential Art,Four,£36.72
88,Camp Midnight,Sequential Art,Four,£17.08
89,"Bitch Planet, Vol. 1: Extraordinary Machine (Bitch Planet (Collected Editions))",Sequential Art,Two,£37.92
90,The Shadow Hero (The Shadow Hero),Sequential Art,One,£33.14
91,"Fables, Vol. 1: Legends in Exile (Fables #1)",Sequential Art,Four,£41.62
92,Batman: The Long Halloween (Batman),Sequential Art,Two,£36.50
93,Batman: The Dark Knight Returns (Batman),Sequential Art,Five,£15.38
94,"Wonder Woman: Earth One, Volume One (Wonder Woman: Earth One #1)",Sequential Art,Four,£37.34
95,"We Are Robin, Vol. 1: The Vigilante Business (We Are Robin #1)",Sequential Art,One,£53.90
96,Through the Woods,Sequential Art,Two,£25.38
97,Superman Vol. 1: Before Truth (Superman by Gene Luen Yang #1),Sequential Art,Five,£11.89
98,"So Cute It Hurts!!, Vol. 6 (So Cute It Hurts!! #6)",Sequential Art,Four,£35.43
99,Robin War,Sequential Art,Three,£47.82
100,"Red Hood/Arsenal, Vol. 1: Open for Business (Red Hood/Arsenal #1)",Sequential Art,Two,£25.48
101,"Naruto (3-in-1 Edition), Vol. 14: Includes Vols. 40, 41 & 42 (Naruto: Omnibus #14)",Sequential Art,Two,£38.39
102,Lowriders to the Center of the Earth (Lowriders in Space #2),Sequential Art,Two,£51.51
103,El Deafo,Sequential Art,Five,£57.62
104,Batman: Europa,Sequential Art,Two,£32.01
105,Art Ops Vol. 1,Sequential Art,Three,£48.80
106,"Adulthood Is a Myth: A ""Sarah's Scribbles"" Collection",Sequential Art,Two,£10.90
107,"Fruits Basket, Vol. 9 (Fruits Basket #9)",Sequential Art,Four,£33.95
108,Roller Girl,Sequential Art,Five,£14.10
109,"Fruits Basket, Vol. 7 (Fruits Basket #7)",Sequential Art,One,£19.57
110,"Fruits Basket, Vol. 6 (Fruits Basket #6)",Sequential Art,Four,£20.96
111,"Death Note, Vol. 6: Give-and-Take (Death Note #6)",Sequential Art,Three,£36.39
112,"Fruits Basket, Vol. 5 (Fruits Basket #5)",Sequential Art,One,£16.33
113,"Death Note, Vol. 5: Whiteout (Death Note #5)",Sequential Art,One,£52.41
114,"The Demon Prince of Momochi House, Vol. 4 (The Demon Prince of Momochi House #4)",Sequential Art,Two,£27.88
115,"Fruits Basket, Vol. 4 (Fruits Basket #4)",Sequential Art,Four,£50.44
116,"The Wicked + The Divine, Vol. 3: Commercial Suicide (The Wicked + The Divine)",Sequential Art,Three,£14.41
117,"The Sandman, Vol. 3: Dream Country (The Sandman (volumes) #3)",Sequential Art,Five,£55.55
118,"Saga, Volume 3 (Saga (Collected Editions) #3)",Sequential Art,Five,£21.57
119,Prodigy: The Graphic Novel (Legend: The Graphic Novel #2),Sequential Art,Three,£43.63
120,Persepolis: The Story of a Childhood (Persepolis #1-2),Sequential Art,One,£39.13
121,Original Fake,Sequential Art,Three,£31.45
122,"Grayson, Vol 3: Nemesis (Grayson #3)",Sequential Art,One,£42.72
123,"Fruits Basket, Vol. 3 (Fruits Basket #3)",Sequential Art,Two,£45.17
124,"Black Butler, Vol. 1 (Black Butler #1)",Sequential Art,One,£49.31
125,Awkward,Sequential Art,Two,£38.02
126,"The Sandman, Vol. 2: The Doll's House (The Sandman (volumes) #2)",Sequential Art,One,£54.81
127,"Saga, Volume 2 (Saga (Collected Editions) #2)",Sequential Art,Three,£11.75
128,"Fruits Basket, Vol. 2 (Fruits Basket #2)",Sequential Art,Five,£11.64
129,"Y: The Last Man, Vol. 1: Unmanned (Y: The Last Man #1)",Sequential Art,Four,£18.51
130,"The Wicked + The Divine, Vol. 1: The Faust Act (The Wicked + The Divine)",Sequential Art,Two,£36.52
131,"The Sandman, Vol. 1: Preludes and Nocturnes (The Sandman (volumes) #1)",Sequential Art,Three,£54.12
132,The Complete Maus (Maus #1-2),Sequential Art,Three,£10.64
133,"Skip Beat!, Vol. 01 (Skip Beat! #1)",Sequential Art,Three,£42.12
134,"Saga, Volume 1 (Saga (Collected Editions) #1)",Sequential Art,One,£28.48
135,"Rat Queens, Vol. 1: Sass & Sorcery (Rat Queens (Collected Editions) #1-5)",Sequential Art,Five,£46.96
136,"Paper Girls, Vol. 1 (Paper Girls #1-5)",Sequential Art,Four,£21.71
137,"Ouran High School Host Club, Vol. 1 (Ouran High School Host Club #1)",Sequential Art,Three,£29.87
138,"Ms. Marvel, Vol. 1: No Normal (Ms. Marvel (2014-2015) #1)",Sequential Art,Four,£39.39
139,"Hawkeye, Vol. 1: My Life as a Weapon (Hawkeye #1)",Sequential Art,Three,£45.24
140,"Giant Days, Vol. 1 (Giant Days #1-4)",Sequential Art,Four,£56.76
141,"Fruits Basket, Vol. 1 (Fruits Basket #1)",Sequential Art,Five,£40.28
142,"Bleach, Vol. 1: Strawberry and the Soul Reapers (Bleach #1)",Sequential Art,Five,£34.65
143,"Ajin: Demi-Human, Volume 1 (Ajin: Demi-Human #1)",Sequential Art,Four,£57.06
144,The Secret Garden,Classics,Four,£15.08
145,The Metamorphosis,Classics,One,£28.58
146,The Pilgrim's Progress,Classics,Two,£50.26
147,The Hound of the Baskervilles (Sherlock Holmes #5),Classics,Two,£14.82
148,Little Women (Little Women #1),Classics,Four,£28.07
149,Gone with the Wind,Classics,Three,£32.49
150,Candide,Classics,Three,£58.63
151,Animal Farm,Classics,Three,£57.22
152,Wuthering Heights,Classics,Three,£17.73
153,The Picture of Dorian Gray,Classics,Two,£29.70
154,The Complete Stories and Poems (The Works of Edgar Allan Poe [Cameo Edition]),Classics,Four,£26.78
155,Beowulf,Classics,Two,£38.35
156,And Then There Were None,Classics,Two,£35.01
157,The Story of Hong Gildong,Classics,Four,£43.19
158,The Little Prince,Classics,Two,£45.42
159,Sense and Sensibility,Classics,One,£37.46
160,Of Mice and Men,Classics,Two,£47.11
161,Emma,Classics,Two,£32.93
162,Alice in Wonderland (Alice's Adventures in Wonderland #1),Classics,One,£55.53
163,Sophie's World,Philosophy,Five,£15.94
164,The Death of Humanity: and the Case for Life,Philosophy,Four,£58.11
165,The Stranger,Philosophy,Four,£17.44
166,Proofs of God: Classical Arguments from Tertullian to Barth,Philosophy,One,£54.21
167,Kierkegaard: A Christian Missionary to Christians,Philosophy,One,£47.13
168,"At The Existentialist CafÃ©: Freedom, Being, and apricot cocktails with: Jean-Paul Sartre, Simone de Beauvoir, Albert Camus, Martin Heidegger, Edmund Husserl, Karl Jaspers, Maurice Merleau-Ponty and others",Philosophy,Five,£29.93
169,Critique of Pure Reason,Philosophy,One,£20.75
170,"Run, Spot, Run: The Ethics of Keeping Pets",Philosophy,One,£20.02
171,The Nicomachean Ethics,Philosophy,One,£36.34
172,Meditations,Philosophy,Two,£25.89
173,Beyond Good and Evil,Philosophy,One,£43.38
174,Chase Me (Paris Nights #2),Romance,Five,£25.27
175,Black Dust,Romance,Five,£34.53
176,Her Backup Boyfriend (The Sorensen Family #1),Romance,One,£33.97
177,First and First (Five Boroughs #3),Romance,Four,£15.97
178,Fifty Shades Darker (Fifty Shades #2),Romance,One,£21.96
179,The Wedding Dress,Romance,One,£24.12
180,Suddenly in Love (Lake Haven #1),Romance,Two,£55.99
181,Something More Than This,Romance,Four,£16.24
182,Doing It Over (Most Likely To #1),Romance,Three,£35.61
183,The Wedding Pact (The O'Malleys #2),Romance,Three,£32.61
184,Hold Your Breath (Search and Rescue #1),Romance,One,£28.82
185,Dirty (Dive Bar #1),Romance,Four,£40.83
186,Take Me Home Tonight (Rock Star Romance #3),Romance,Three,£53.98
187,Off the Hook (Fishing for Trouble #1),Romance,Three,£47.67
188,A Gentleman's Position (Society of Gentlemen #3),Romance,Five,£14.75
189,"Sit, Stay, Love",Romance,Three,£20.90
190,A Girl's Guide to Moving On (New Beginnings #2),Romance,One,£31.30
191,The Perfect Play (Play by Play #1),Romance,Three,£59.99
192,Dark Lover (Black Dagger Brotherhood #1),Romance,One,£12.87
193,Changing the Game (Play by Play #2),Romance,Three,£13.38
194,A Walk to Remember,Romance,One,£56.43
195,The Purest Hook (Second Circle Tattoos #3),Romance,One,£12.25
196,The Obsession,Romance,One,£45.43
197,Reservations for Two,Romance,Three,£11.10
198,Best of My Love (Fool's Gold #20),Romance,Two,£27.41
199,Where Lightning Strikes (Bleeding Stars #3),Romance,Three,£39.77
200,This One Moment (Pushing Limits #1),Romance,One,£48.71
201,"Rhythm, Chord & Malykhin",Romance,Two,£28.34
202,My Perfect Mistake (Over the Top #1),Romance,Two,£38.92
203,Listen to Me (Fusion #1),Romance,Three,£58.99
204,Imperfect Harmony,Romance,Four,£34.74
205,Fighting Fate (Fighting #6),Romance,Three,£39.24
206,Deep Under (Walker Security #1),Romance,Five,£47.09
207,Charity's Cross (Charles Towne Belles #4),Romance,One,£41.24
208,Bounty (Colorado Mountain #7),Romance,Four,£37.26
209,I Had a Nice Time And Other Lies...: How to find love & sh*t like that,Womens Fiction,Four,£57.36
210,Will You Won't You Want Me?,Womens Fiction,Three,£13.86
211,Keep Me Posted,Womens Fiction,Four,£20.46
212,Grey (Fifty Shades #4),Womens Fiction,Four,£48.49
213,Meternity,Womens Fiction,Three,£43.58
214,Some Women,Womens Fiction,Five,£13.73
215,Shopaholic Ties the Knot (Shopaholic #3),Womens Fiction,Five,£48.39
216,Can You Keep a Secret?,Womens Fiction,One,£21.94
217,Twenties Girl,Womens Fiction,Two,£42.80
218,The Undomestic Goddess,Womens Fiction,Four,£45.75
219,The Nanny Diaries (Nanny #1),Womens Fiction,Five,£52.53
220,The Devil Wears Prada (The Devil Wears Prada #1),Womens Fiction,One,£44.29
221,Something Borrowed (Darcy & Rachel #1),Womens Fiction,Five,£48.96
222,Something Blue (Darcy & Rachel #2),Womens Fiction,One,£54.62
223,I've Got Your Number,Womens Fiction,One,£19.69
224,The Edge of Reason (Bridget Jones #2),Womens Fiction,Four,£19.18
225,Bridget Jones's Diary (Bridget Jones #1),Womens Fiction,One,£29.82
226,Soumission,Fiction,One,£50.10
227,Private Paris (Private #10),Fiction,Five,£47.61
228,"We Love You, Charlie Freeman",Fiction,Five,£50.27
229,Thirst,Fiction,Five,£17.27
230,The Murder That Never Was (Forensic Instincts #5),Fiction,Three,£54.11
231,Tuesday Nights in 1980,Fiction,Two,£21.04
232,The Vacationers,Fiction,Four,£42.15
233,The Regional Office Is Under Attack!,Fiction,Five,£51.36
234,Finders Keepers (Bill Hodges Trilogy #2),Fiction,Five,£53.53
235,The Time Keeper,Fiction,Five,£27.88
236,The Testament of Mary,Fiction,Four,£52.67
237,The First Hostage (J.B. Collins #2),Fiction,Three,£25.85
238,Take Me with You,Fiction,Three,£45.21
239,Still Life with Bread Crumbs,Fiction,Three,£26.41
240,Shtum,Fiction,Four,£55.84
241,My Name Is Lucy Barton,Fiction,One,£41.56
242,My Mrs. Brown,Fiction,Three,£24.48
243,Mr. Mercedes (Bill Hodges Trilogy #1),Fiction,One,£28.90
244,I Am Pilgrim (Pilgrim #1),Fiction,Four,£10.60
245,Eligible (The Austen Project #4),Fiction,Three,£27.09
246,Eight Hundred Grapes,Fiction,Four,£14.39
247,Dear Mr. Knightley,Fiction,Five,£11.21
248,Cometh the Hour (The Clifton Chronicles #6),Fiction,Three,£25.01
249,Balloon Animals,Fiction,Three,£17.03
250,A Man Called Ove,Fiction,One,£39.72
251,The Silent Sister (Riley MacPherson #1),Fiction,Five,£46.29
252,The Dinner Party,Fiction,Two,£56.54
253,The Improbability of Love,Fiction,One,£59.45
254,Mothering Sunday,Fiction,Two,£13.34
255,Lies and Other Acts of Love,Fiction,One,£45.14
256,Daredevils,Fiction,Three,£16.34
257,11/22/63,Fiction,Three,£48.48
258,The Shack,Fiction,One,£28.03
259,The High Mountains of Portugal,Fiction,One,£51.15
260,Miller's Valley,Fiction,Two,£58.54
261,Hystopia: A Novel,Fiction,Four,£21.96
262,The Bourne Identity (Jason Bourne #1),Fiction,Four,£42.78
263,Sister Dear,Fiction,Four,£40.20
264,Memoirs of a Geisha,Fiction,Three,£49.67
265,Me Before You (Me Before You #1),Fiction,One,£19.02
266,Deception Point,Fiction,Four,£40.32
267,The Little Paris Bookshop,Fiction,Three,£24.73
268,The Firm,Fiction,Three,£45.56
269,The Expatriates,Fiction,Two,£44.58
270,Siddhartha,Fiction,Five,£34.22
271,Last One Home (New Beginnings #1),Fiction,Three,£59.98
272,Digital Fortress,Fiction,Five,£58.00
273,Atlas Shrugged,Fiction,Five,£26.58
274,Three-Martini Lunch,Fiction,Three,£23.21
275,The Nightingale,Fiction,Four,£26.26
276,The Infinities,Fiction,One,£27.41
277,The Husband's Secret,Fiction,Five,£52.51
278,The Da Vinci Code (Robert Langdon #2),Fiction,Two,£22.96
279,The Art of Fielding,Fiction,One,£22.10
280,Lila (Gilead #3),Fiction,Three,£12.47
281,Jurassic Park (Jurassic Park #1),Fiction,One,£44.97
282,Inferno (Robert Langdon #4),Fiction,Five,£41.00
283,Crazy Rich Asians (Crazy Rich Asians #1),Fiction,Five,£49.13
284,Big Little Lies,Fiction,One,£22.11
285,The Course of Love,Fiction,Three,£16.78
286,When I'm Gone,Fiction,Three,£51.96
287,The Silent Wife,Fiction,Five,£12.34
288,The Bette Davis Club,Fiction,Three,£30.66
289,Kitchens of the Great Midwest,Fiction,Five,£57.20
290,Bright Lines,Fiction,Five,£39.07
291,Birdsong: A Story in Pictures,Childrens,Three,£54.64
292,The Bear and the Piano,Childrens,One,£36.89
293,The Secret of Dreadwillow Carse,Childrens,One,£56.13
294,The White Cat and the Monk: A Retelling of the Poem âPangur BÃ¡nâ,Childrens,Four,£58.08
295,Little Red,Childrens,Three,£13.47
296,Walt Disney's Alice in Wonderland,Childrens,Five,£12.96
297,Twenty Yawns,Childrens,Two,£22.08
298,Rain Fish,Childrens,Three,£23.57
299,Once Was a Time,Childrens,Two,£18.28
300,Luis Paints the World,Childrens,Three,£53.95
301,Nap-a-Roo,Childrens,One,£25.08
302,The Whale,Childrens,Four,£35.96
303,"Shrunken Treasures: Literary Classics, Short, Sweet, and Silly",Childrens,Three,£52.87
304,Raymie Nightingale,Childrens,Two,£34.41
305,Playing from the Heart,Childrens,One,£32.38
306,Maybe Something Beautiful: How Art Transformed a Neighborhood,Childrens,One,£22.54
307,The Wild Robot,Childrens,Three,£56.07
308,The Thing About Jellyfish,Childrens,One,£48.77
309,The Lonely Ones,Childrens,Five,£43.59
310,The Day the Crayons Came Home (Crayons),Childrens,Five,£26.33
311,The Cat in the Hat (Beginner Books B-1),Childrens,Two,£16.26
312,Red: The True Story of Red Riding Hood,Childrens,Three,£28.54
313,Horrible Bear!,Childrens,Two,£37.52
314,Green Eggs and Ham (Beginner Books B-16),Childrens,Four,£10.79
315,Counting Thyme,Childrens,One,£10.62
316,Are We There Yet?,Childrens,Three,£10.66
317,Diary of a Minecraft Zombie Book 1: A Scare of a Dare (An Unofficial Minecraft Book),Childrens,Four,£52.88
318,Matilda,Childrens,One,£28.34
319,Charlie and the Chocolate Factory (Charlie Bucket #1),Childrens,Three,£22.85
320,"Don't Be a Jerk: And Other Practical Advice from Dogen, Japan's Greatest Zen Master",Religion,Two,£37.97
321,You Are What You Love: The Spiritual Power of Habit,Religion,Four,£21.87
322,God: The Most Unpleasant Character in All Fiction,Religion,Five,£30.03
323,The Book of Mormon,Religion,Three,£24.57
324,"A History of God: The 4,000-Year Quest of Judaism, Christianity, and Islam",Religion,One,£27.62
325,The Bhagavad Gita,Religion,Three,£57.49
326,Choosing Our Religion: The Spiritual Lives of America's Nones,Religion,Four,£28.42
327,Worlds Elsewhere: Journeys Around Shakespeareâs Globe,Nonfiction,Five,£40.30
328,The Five Love Languages: How to Express Heartfelt Commitment to Your Mate,Nonfiction,Three,£31.05
329,Reasons to Stay Alive,Nonfiction,Two,£26.41
330,#HigherSelfie: Wake Up Your Life. Free Your Soul. Find Your Tribe.,Nonfiction,Five,£23.11
331,"Unseen City: The Majesty of Pigeons, the Discreet Charm of Snails & Other Wonders of the Urban Wilderness",Nonfiction,Four,£44.18
332,Throwing Rocks at the Google Bus: How Growth Became the Enemy of Prosperity,Nonfiction,Three,£31.12
333,The Life-Changing Magic of Tidying Up: The Japanese Art of Decluttering and Organizing,Nonfiction,Three,£16.77
334,The Gutsy Girl: Escapades for Your Life of Epic Adventure,Nonfiction,One,£37.13
335,The Electric Pencil: Drawings from Inside State Hospital No. 3,Nonfiction,One,£56.06
336,Spark Joy: An Illustrated Master Class on the Art of Organizing and Tidying Up,Nonfiction,Four,£41.83
337,Reskilling America: Learning to Labor in the Twenty-First Century,Nonfiction,Two,£19.83
338,In the Country We Love: My Family Divided,Nonfiction,Four,£22.00
339,Everydata: The Misinformation Hidden in the Little Data You Consume Every Day,Nonfiction,Two,£54.35
340,Call the Nurse: True Stories of a Country Nurse on a Scottish Isle,Nonfiction,Five,£29.14
341,Algorithms to Live By: The Computer Science of Human Decisions,Nonfiction,One,£30.81
342,The Power of Now: A Guide to Spiritual Enlightenment,Nonfiction,Two,£43.54
343,The Omnivore's Dilemma: A Natural History of Four Meals,Nonfiction,Two,£38.21
344,The Genius of Birds,Nonfiction,One,£17.24
345,The Artist's Way: A Spiritual Path to Higher Creativity,Nonfiction,Five,£38.49
346,So You've Been Publicly Shamed,Nonfiction,Two,£12.23
347,"Daring Greatly: How the Courage to Be Vulnerable Transforms the Way We Live, Love, Parent, and Lead",Nonfiction,Three,£19.43
348,Big Magic: Creative Living Beyond Fear,Nonfiction,Three,£30.80
349,Becoming Wise: An Inquiry into the Mystery and Art of Living,Nonfiction,Two,£27.43
350,Agnostic: A Spirited Manifesto,Nonfiction,Five,£12.51
351,Whole Lotta Creativity Going On: 60 Fun and Unusual Exercises to Awaken and Strengthen Your Creativity,Nonfiction,Four,£38.20
352,What's It Like in Space?: Stories from Astronauts Who've Been There,Nonfiction,Two,£19.60
353,The Year of Magical Thinking,Nonfiction,Two,£43.04
354,The Literature Book (Big Ideas Simply Explained),Nonfiction,Three,£17.43
355,The Bad-Ass Librarians of Timbuktu: And Their Race to Save the Worldâs Most Precious Manuscripts,Nonfiction,One,£15.77
356,Swell: A Year of Waves,Nonfiction,One,£45.58
357,No Dream Is Too High: Life Lessons From a Man Who Walked on the Moon,Nonfiction,Two,£21.95
358,Looking for Lovely: Collecting the Moments that Matter,Nonfiction,Five,£29.14
359,Let It Out: A Journey Through Journaling,Nonfiction,Five,£26.79
360,Hamilton: The Revolution,Nonfiction,Three,£58.79
361,"Far & Away: Places on the Brink of Change: Seven Continents, Twenty-Five Years",Nonfiction,Four,£15.06
362,"Eaternity: More than 150 Deliciously Easy Vegan Recipes for a Long, Healthy, Satisfied, Joyful Life",Nonfiction,Five,£51.75
363,Buying In: The Secret Dialogue Between What We Buy and Who We Are,Nonfiction,Four,£37.80
364,Brain on Fire: My Month of Madness,Nonfiction,Five,£49.32
365,Abstract City,Nonfiction,Five,£56.37
366,13 Hours: The Inside Account of What Really Happened In Benghazi,Nonfiction,One,£27.06
367,The Lonely City: Adventures in the Art of Being Alone,Nonfiction,Two,£33.26
368,The Diary of a Young Girl,Nonfiction,Three,£59.90
369,Snatched: How A Drug Queen Went Undercover for the DEA and Was Kidnapped By Colombian Guerillas,Nonfiction,Three,£21.21
370,Furiously Happy: A Funny Book About Horrible Things,Nonfiction,Four,£41.46
371,"The Sleep Revolution: Transforming Your Life, One Night at a Time",Nonfiction,Four,£11.68
372,"Mother, Can You Not?",Nonfiction,Five,£16.89
373,A Mother's Reckoning: Living in the Aftermath of Tragedy,Nonfiction,Three,£19.53
374,"10% Happier: How I Tamed the Voice in My Head, Reduced Stress Without Losing My Edge, and Found Self-Help That Actually Works",Nonfiction,Two,£24.57
375,Chernobyl 01:23:40: The Incredible True Story of the World's Worst Nuclear Disaster,Nonfiction,Two,£35.92
376,"Zero to One: Notes on Startups, or How to Build the Future",Nonfiction,Three,£34.06
377,Why Not Me?,Nonfiction,One,£17.76
378,When Breath Becomes Air,Nonfiction,Two,£39.36
379,"The Midnight Assassin: Panic, Scandal, and the Hunt for America's First Serial Killer",Nonfiction,Four,£28.45
380,Smarter Faster Better: The Secrets of Being Productive in Life and Business,Nonfiction,Five,£38.89
381,Rising Strong,Nonfiction,Three,£21.82
382,Man's Search for Meaning,Nonfiction,Three,£29.48
383,"Love That Boy: What Two Presidents, Eight Road Trips, and My Son Taught Me About a Parent's Expectations",Nonfiction,Two,£25.06
384,Living Forward: A Proven Plan to Stop Drifting and Get the Life You Want,Nonfiction,Three,£12.55
385,I Will Find You,Nonfiction,One,£44.21
386,Brazen: The Courage to Find the You That's Been Hiding,Nonfiction,Two,£19.22
387,Between the World and Me,Nonfiction,Four,£56.91
388,Being Mortal: Medicine and What Matters in the End,Nonfiction,Four,£55.06
389,"A Murder Over a Girl: Justice, Gender, Junior High",Nonfiction,Three,£13.20
390,For the Love: Fighting for Grace in a World of Impossible Standards,Nonfiction,Three,£45.13
391,Finding God in the Ruins: How God Redeems Pain,Nonfiction,Two,£46.64
392,The Man Who Mistook His Wife for a Hat and Other Clinical Tales,Nonfiction,Four,£59.45
393,In Cold Blood,Nonfiction,Four,£49.98
394,"Girl, Interrupted",Nonfiction,Three,£42.14
395,Why Save the Bankers?: And Other Essays on Our Economic and Political Crisis,Nonfiction,Two,£48.67
396,Talking to Girls About Duran Duran: One Young Man's Quest for True Love and a Cooler Haircut,Nonfiction,Four,£25.15
397,My Mother Was Nuts,Nonfiction,Four,£31.63
398,"Data, A Love Story: How I Gamed Online Dating to Meet My Match",Nonfiction,Three,£32.35
399,The Jazz of Physics: The Secret Link Between Music and the Structure of the Universe,Nonfiction,Three,£38.71
400,The Gunning of America: Business and the Making of American Gun Culture,Nonfiction,Four,£16.81
401,The Geography of Bliss: One Grump's Search for the Happiest Places in the World,Nonfiction,Two,£28.23
402,God Is Not Great: How Religion Poisons Everything,Nonfiction,One,£27.80
403,We the People: The Modern-Day Figures Who Have Reshaped and Affirmed the Founding Fathers' Vision of America,Nonfiction,Three,£31.95
404,Very Good Lives: The Fringe Benefits of Failure and the Importance of Imagination,Nonfiction,Three,£50.66
405,"Unstuffed: Decluttering Your Home, Mind, and Soul",Nonfiction,One,£58.09
406,Under the Banner of Heaven: A Story of Violent Faith,Nonfiction,One,£30.00
407,"Trespassing Across America: One Man's Epic, Never-Done-Before (and Sort of Illegal) Hike Across the Heartland",Nonfiction,One,£53.51
408,The Name of God is Mercy,Nonfiction,Two,£37.25
409,Stiff: The Curious Lives of Human Cadavers,Nonfiction,Three,£36.74
410,Spilled Milk: Based on a True Story,Nonfiction,One,£49.51
411,"Rise of the Rocket Girls: The Women Who Propelled Us, from Missiles to the Moon to Mars",Nonfiction,Four,£41.67
412,Outliers: The Story of Success,Nonfiction,One,£14.16
413,Notes from a Small Island (Notes From a Small Island #1),Nonfiction,One,£40.17
414,Night (The Night Trilogy #1),Nonfiction,One,£13.51
415,"Miracles from Heaven: A Little Girl, Her Journey to Heaven, and Her Amazing Story of Healing",Nonfiction,One,£57.83
416,Letter to a Christian Nation,Nonfiction,One,£22.20
417,Let's Pretend This Never Happened: A Mostly True Memoir,Nonfiction,One,£45.11
418,It's Never Too Late to Begin Again: Discovering Creativity and Meaning at Midlife and Beyond,Nonfiction,One,£42.38
419,Into the Wild,Nonfiction,Five,£56.70
420,"In the Garden of Beasts: Love, Terror, and an American Family in Hitler's Berlin",Nonfiction,Three,£28.85
421,I Am Malala: The Girl Who Stood Up for Education and Was Shot by the Taliban,Nonfiction,Two,£28.88
422,Gratitude,Nonfiction,Five,£26.66
423,Disrupted: My Misadventure in the Start-Up Bubble,Nonfiction,Five,£15.28
424,Brave Enough,Nonfiction,Five,£51.32
425,"Born to Run: A Hidden Tribe, Superathletes, and the Greatest Race the World Has Never Seen",Nonfiction,Two,£27.35
426,Blink: The Power of Thinking Without Thinking,Nonfiction,Five,£21.74
427,Black Flags: The Rise of ISIS,Nonfiction,One,£40.87
428,Are We Smart Enough to Know How Smart Animals Are?,Nonfiction,One,£56.58
429,A Walk in the Woods: Rediscovering America on the Appalachian Trail,Nonfiction,Four,£30.48
430,"The Suffragettes (Little Black Classics, #96)",Nonfiction,Two,£11.89
431,Kindle Paperwhite User's Guide,Nonfiction,Three,£34.00
432,H is for Hawk,Nonfiction,Five,£57.42
433,Travels with Charley: In Search of America,Nonfiction,Five,£57.82
434,The Tumor,Nonfiction,Five,£41.56
435,The End of the Jesus Era (An Investigation #1),Nonfiction,One,£14.40
436,"Eat, Pray, Love",Nonfiction,Three,£51.32
437,Rip it Up and Start Again,Music,Five,£35.02
438,"Our Band Could Be Your Life: Scenes from the American Indie Underground, 1981-1991",Music,Three,£57.25
439,How Music Works,Music,Two,£37.32
440,Love Is a Mix Tape (Music #1),Music,One,£18.03
441,Please Kill Me: The Uncensored Oral History of Punk,Music,Four,£31.19
442,Kill 'Em and Leave: Searching for James Brown and the American Soul,Music,Five,£45.05
443,"Chronicles, Vol. 1",Music,Two,£52.60
444,This Is Your Brain on Music: The Science of a Human Obsession,Music,One,£38.40
445,"Orchestra of Exiles: The Story of Bronislaw Huberman, the Israel Philharmonic, and the One Thousand Jews He Saved from Nazi Horrors",Music,Three,£12.36
446,No One Here Gets Out Alive,Music,Five,£20.02
447,Life,Music,Five,£31.58
448,Old Records Never Die: One Man's Quest for His Vinyl and His Past,Music,Two,£55.66
449,Forever Rockers (The Rocker #12),Music,Three,£28.80
450,"The Coming Woman: A Novel Based on the Life of the Infamous Feminist, Victoria Woodhull",Default,Three,£17.93
451,The Boys in the Boat: Nine Americans and Their Epic Quest for Gold at the 1936 Berlin Olympics,Default,Four,£22.60
452,"Starving Hearts (Triangular Trade Trilogy, #1)",Default,Two,£13.99
453,America's Cradle of Quarterbacks: Western Pennsylvania's Football Factory from Johnny Unitas to Joe Montana,Default,Three,£22.50
454,Aladdin and His Wonderful Lamp,Default,Three,£53.13
455,Penny Maybe,Default,Three,£33.29
456,Maude (1883-1993):She Grew Up with the country,Default,Two,£18.02
457,"The Inefficiency Assassin: Time Management Tactics for Working Smarter, Not Longer",Default,Five,£20.59
458,Soul Reader,Default,Two,£39.58
459,Bossypants,Default,Two,£49.46
460,A World of Flavor: Your Gluten Free Passport,Default,One,£42.95
461,"A Piece of Sky, a Grain of Rice: A Memoir in Four Meditations",Default,Five,£56.76
462,Tracing Numbers on a Train,Default,Three,£41.60
463,Thirteen Reasons Why,Default,One,£52.72
464,The Secret (The Secret #1),Default,Four,£27.37
465,The Psychopath Test: A Journey Through the Madness Industry,Default,Two,£36.00
466,The Kite Runner,Default,Four,£41.82
467,The Girl on the Train,Default,Two,£55.02
468,The Emerald Mystery,Default,Two,£23.15
469,The Bridge to Consciousness: I'm Writing the Bridge Between Science and Our Old and New Beliefs.,Default,Three,£32.00
470,The Art of War,Default,Five,£33.34
471,Secrets and Lace (Fatal Hearts #1),Default,One,£20.27
472,Romero and Juliet: A Tragic Tale of Love and Zombies,Default,One,£36.94
473,Poses for Artists Volume 1 - Dynamic and Sitting Poses: An Essential Reference for Figure Drawing and the Human Form,Default,One,£41.06
474,Miss Peregrineâs Home for Peculiar Children (Miss Peregrineâs Peculiar Children #1),Default,One,£10.76
475,Large Print Heart of the Pride,Default,Two,£19.15
476,Grumbles,Default,Two,£22.16
477,First Steps for New Christians (Print Edition),Default,One,£29.00
478,Eureka Trivia 6.0,Default,Four,£54.59
479,Drive: The Surprising Truth About What Motivates Us,Default,Four,£34.95
480,Done Rubbed Out (Reightman & Bailey #1),Default,Five,£37.72
481,Beauty Restored (Riley Family Legacy Novellas #3),Default,Two,£11.11
482,Ayumi's Violin,Default,Two,£15.48
483,Anonymous,Default,Four,£46.82
484,Amy Meets the Saints and Sages,Default,Three,£18.46
485,Amatus,Default,Five,£50.54
486,V for Vendetta (V for Vendetta Complete),Default,Four,£37.10
487,"Unbroken: A World War II Story of Survival, Resilience, and Redemption",Default,Two,£45.95
488,The Wright Brothers,Default,Four,£56.80
489,The Songs of the Gods,Default,Five,£44.48
490,The Rosie Project (Don Tillman #1),Default,One,£54.04
491,The Power of Habit: Why We Do What We Do in Life and Business,Default,Three,£16.88
492,Steve Jobs,Default,Five,£39.50
493,Luckiest Girl Alive,Default,Three,£49.83
494,"Living Leadership by Insight: A Good Leader Achieves, a Great Leader Builds Monuments",Default,Four,£46.91
495,Lady Midnight (The Dark Artifices #1),Default,Five,£16.28
496,"Hush, Hush (Hush, Hush #1)",Default,Three,£47.02
497,Greek Mythic History,Default,Five,£10.23
498,Every Last Word,Default,Three,£46.47
499,Daily Fantasy Sports,Default,One,£36.58
500,Clockwork Angel (The Infernal Devices #1),Default,One,£44.14
501,City of Fallen Angels (The Mortal Instruments #4),Default,Four,£11.23
502,City of Bones (The Mortal Instruments #1),Default,One,£43.28
503,City of Ashes (The Mortal Instruments #2),Default,One,£47.27
504,"Carry On, Warrior: Thoughts on Life Unarmed",Default,Three,£31.85
505,Carrie,Default,Two,£46.23
506,Angels & Demons (Robert Langdon #1),Default,Three,£51.48
507,"The Three Searches, Meaning, and the Story",Default,Three,£13.33
508,Raspberry Pi Electronics Projects for the Evil Genius,Default,Four,£49.67
509,How to Speak Golf: An Illustrated Guide to Links Lingo,Default,Five,£58.32
510,Eleanor & Park,Default,Five,£56.51
511,Troublemaker: Surviving Hollywood and Scientology,Default,Two,£48.39
512,Adultery,Default,Five,£20.88
513,Unlimited Intuition Now,Default,Four,£58.87
514,Underlying Notes,Default,Two,£11.82
515,The New Brand You: Your New Image Makes the Sale for You,Default,Five,£44.05
516,The Flowers Lied,Default,Two,£16.68
517,"NaNo What Now? Finding your editing process, revising your NaNoWriMo book and building a writing career through publishing and beyond",Default,Four,£10.41
518,Modern Day Fables,Default,Two,£47.44
519,The Unlikely Pilgrimage of Harold Fry (Harold Fry #1),Default,Five,£43.62
520,The Martian (The Martian #1),Default,Two,£41.39
521,Left Behind (Left Behind #1),Default,Two,£40.72
522,John Vassos: Industrial Design for Modern Life,Default,Four,£20.22
523,I'll Give You the Sun,Default,One,£56.48
524,Heaven is for Real: A Little Boy's Astounding Story of His Trip to Heaven and Back,Default,Two,£52.86
525,Ender's Game (The Ender Quintet #1),Default,One,£43.64
526,Death by Leisure: A Cautionary Tale,Default,Four,£37.51
527,Wildlife of New York: A Five-Borough Coloring Book,Default,Two,£22.14
528,The Year of Living Biblically: One Man's Humble Quest to Follow the Bible as Literally as Possible,Default,One,£34.72
529,The Great Gatsby,Default,Four,£36.05
530,The Good Girl,Default,Three,£49.03
531,The 7 Habits of Highly Effective People: Powerful Lessons in Personal Change,Default,Four,£33.17
532,Steal Like an Artist: 10 Things Nobody Told You About Being Creative,Default,Two,£20.90
533,Life of Pi,Default,Four,£13.22
534,The Sound Of Love,Default,Five,£57.84
535,The Perks of Being a Wallflower,Default,Three,£55.02
536,The Makings of a Fatherless Child,Default,Two,£31.58
537,The Hobbit (Middle-Earth Universe),Default,Five,£17.80
538,The Fellowship of the Ring (The Lord of the Rings #1),Default,Two,£10.27
539,Ship Leaves Harbor: Essays on Travel by a Recovering Journeyman,Default,Three,£30.60
540,Musicophilia: Tales of Music and the Brain,Default,One,£46.58
541,What If?: Serious Scientific Answers to Absurd Hypothetical Questions,Default,Four,£53.68
542,The Fault in Our Stars,Default,One,£47.22
543,The Dream Thieves (The Raven Cycle #2),Default,One,£34.50
544,The 5th Wave (The 5th Wave #1),Default,Two,£11.83
545,Shiver (The Wolves of Mercy Falls #1),Default,Five,£16.23
546,Remember Me?,Default,Three,£11.48
547,If I Stay (If I Stay #1),Default,Five,£38.13
548,I Know Why the Caged Bird Sings (Maya Angelou's Autobiography #1),Default,Two,£36.55
549,Harry Potter and the Deathly Hallows (Harry Potter #7),Default,One,£23.32
550,Fool Me Once,Default,One,£16.96
551,Drama,Default,Two,£38.70
552,"Blue Lily, Lily Blue (The Raven Cycle #3)",Default,Five,£34.13
553,Alight (The Generations Trilogy #2),Default,Four,£58.59
554,Vogue Colors A to Z: A Fashion Coloring Book,Default,Four,£52.35
555,The Shining (The Shining #1),Default,Three,£27.88
556,The Hunger Games (The Hunger Games #1),Default,Five,£29.85
557,Outlander (Outlander #1),Default,Five,£19.67
558,Mockingjay (The Hunger Games #3),Default,Four,£20.44
559,Harry Potter and the Sorcerer's Stone (Harry Potter #1),Default,Three,£13.90
560,Confessions of a Shopaholic (Shopaholic #1),Default,Two,£48.94
561,Zero History (Blue Ant #3),Default,One,£34.77
562,World War Z: An Oral History of the Zombie War,Default,One,£21.80
563,Wild: From Lost to Found on the Pacific Crest Trail,Default,Three,£46.02
564,"Where'd You Go, Bernadette",Default,One,£18.13
565,Twilight (Twilight #1),Default,Two,£41.93
566,The Paris Wife,Default,Three,£36.80
567,The Maze Runner (The Maze Runner #1),Default,One,£20.93
568,The Lover's Dictionary,Default,Two,£58.09
569,The Goldfinch,Default,Three,£43.58
570,The Giver (The Giver Quartet #1),Default,One,£12.30
571,The Girl Who Played with Fire (Millennium Trilogy #2),Default,Two,£22.14
572,The Demon-Haunted World: Science as a Candle in the Dark,Default,Four,£52.25
573,The Book Thief,Default,Two,£53.49
574,The Autobiography of Malcolm X,Default,Two,£23.43
575,Shopaholic & Baby (Shopaholic #5),Default,Two,£46.45
576,Quiet: The Power of Introverts in a World That Can't Stop Talking,Default,One,£43.55
577,Packing for Mars: The Curious Science of Life in the Void,Default,Two,£56.68
578,Orange Is the New Black,Default,Two,£24.61
579,One for the Money (Stephanie Plum #1),Default,Two,£32.87
580,Morning Star (Red Rising #3),Default,One,£29.40
581,Life After Life,Default,Two,£26.13
582,"Lean In: Women, Work, and the Will to Lead",Default,One,£25.02
583,Is Everyone Hanging Out Without Me? (And Other Concerns),Default,Three,£20.11
584,Gone Girl,Default,Five,£37.60
585,Fellside,Default,One,£38.62
586,Eclipse (Twilight #3),Default,One,£18.74
587,Dracula,Default,Three,£52.62
588,Dead Wake: The Last Crossing of the Lusitania,Default,Five,£39.24
589,"David and Goliath: Underdogs, Misfits, and the Art of Battling Giants",Default,One,£17.81
590,Dark Places,Default,Five,£23.90
591,Breaking Dawn (Twilight #4),Default,Five,£35.28
592,Beautiful Creatures (Caster Chronicles #1),Default,Five,£21.55
593,A Visit from the Goon Squad,Default,Five,£14.08
594,The Zombie Room,Default,Five,£19.69
595,The Name of the Wind (The Kingkiller Chronicle #1),Default,Three,£50.59
596,Taking Shots (Assassins #1),Default,Two,£18.88
597,Shatter Me (Shatter Me #1),Default,One,£42.40
598,Paradise Lost (Paradise #1),Default,One,£24.96
599,On the Road (Duluoz Legend),Default,Three,£32.36
600,Jane Eyre,Default,Five,£38.43
601,Frankenstein,Default,Two,£38.00
602,Mesaerion: The Best Science Fiction Stories 1800-1849,Science Fiction,One,£37.59
603,Join,Science Fiction,Five,£35.67
604,"William Shakespeare's Star Wars: Verily, A New Hope (William Shakespeare's Star Wars #4)",Science Fiction,Four,£43.30
605,The Project,Science Fiction,One,£10.65
606,Soft Apocalypse,Science Fiction,Two,£26.12
607,Sleeping Giants (Themis Files #1),Science Fiction,One,£48.74
608,Arena,Science Fiction,Four,£21.36
609,Foundation (Foundation (Publication Order) #1),Science Fiction,One,£32.42
610,The Restaurant at the End of the Universe (Hitchhiker's Guide to the Galaxy #2),Science Fiction,One,£10.92
611,Ready Player One,Science Fiction,Four,£19.07
612,"Life, the Universe and Everything (Hitchhiker's Guide to the Galaxy #3)",Science Fiction,Two,£33.26
613,Dune (Dune #1),Science Fiction,One,£54.86
614,Do Androids Dream of Electric Sheep? (Blade Runner #1),Science Fiction,One,£51.48
615,Three Wishes (River of Time: California #1),Science Fiction,Two,£44.18
616,The Last Girl (The Dominion Trilogy #1),Science Fiction,Two,£36.26
617,Having the Barbarian's Baby (Ice Planet Barbarians #7.5),Science Fiction,Four,£34.96
618,The Book of Basketball: The NBA According to The Sports Guy,Sports and Games,Five,£44.84
619,"Friday Night Lights: A Town, a Team, and a Dream",Sports and Games,Three,£51.22
620,Sugar Rush (Offensive Line #2),Sports and Games,One,£24.42
621,Settling the Score (The Summer Games #1),Sports and Games,Two,£44.91
622,Icing (Aces Hockey #2),Sports and Games,Four,£40.44
623,The Torch Is Passed: A Harding Family Story,Add a comment,One,£19.09
624,"The Mindfulness and Acceptance Workbook for Anxiety: A Guide to Breaking Free from Anxiety, Phobias, and Worry Using Acceptance and Commitment Therapy",Add a comment,Four,£23.89
625,The Art Forger,Add a comment,Three,£40.76
626,On a Midnight Clear,Add a comment,Three,£14.07
627,Judo: Seven Steps to Black Belt (an Introductory Guide for Beginners),Add a comment,Two,£53.90
628,"Shobu Samurai, Project Aryoku (#3)",Add a comment,Three,£29.06
629,Modern Romance,Add a comment,Five,£28.26
630,The White Queen (The Cousins' War #1),Add a comment,Five,£25.91
631,The Song of Achilles,Add a comment,Five,£37.40
632,The Immortal Life of Henrietta Lacks,Add a comment,Two,£40.67
633,The Dovekeepers,Add a comment,One,£48.78
634,More Than Music (Chasing the Dream #1),Add a comment,Two,£37.61
635,Code Name Verity (Code Name Verity #1),Add a comment,Four,£22.13
636,Cell,Add a comment,Four,£20.29
637,Angels Walking (Angels Walking #1),Add a comment,Two,£34.20
638,"A Series of Catastrophes and Miracles: A True Story of Love, Science, and Cancer",Add a comment,Two,£56.48
639,A People's History of the United States,Add a comment,Two,£40.79
640,A Brush of Wings (Angels Walking #3),Add a comment,One,£55.51
641,Rook,Add a comment,Four,£37.86
642,The Midnight Watch: A Novel of the Titanic and the Californian,Add a comment,One,£26.20
643,The Gray Rhino: How to Recognize and Act on the Obvious Dangers We Ignore,Add a comment,Four,£59.15
644,The Children,Add a comment,Three,£11.88
645,One with You (Crossfire #5),Add a comment,Four,£15.71
646,Without Shame,Add a comment,Five,£48.27
647,Watchmen,Add a comment,Four,£58.05
648,A Hero's Curse (The Unseen Chronicles #1),Add a comment,Three,£50.49
649,23 Degrees South: A Tropical Tale of Changing Whether...,Add a comment,Two,£35.79
650,The Glass Castle,Add a comment,One,£16.24
651,The Drowning Girls,Add a comment,Three,£35.67
652,Team of Rivals: The Political Genius of Abraham Lincoln,Add a comment,Five,£20.12
653,John Adams,Add a comment,Four,£57.43
654,Good in Bed (Cannie Shapiro #1),Add a comment,Five,£37.05
655,The Joy of Cooking,Add a comment,Four,£43.27
656,The Golden Compass (His Dark Materials #1),Add a comment,One,£18.77
657,The God Delusion,Add a comment,Three,£46.85
658,Pride and Prejudice,Add a comment,Four,£19.27
659,Mere Christianity,Add a comment,Three,£48.51
660,Fun Home: A Family Tragicomic,Add a comment,Four,£56.59
661,The Raven King (The Raven Cycle #4),Add a comment,Two,£30.57
662,Find Her (Detective D.D. Warren #8),Add a comment,One,£22.37
663,Evicted: Poverty and Profit in the American City,Add a comment,One,£42.27
664,A Game of Thrones (A Song of Ice and Fire #1),Add a comment,Two,£46.42
665,A Clash of Kings (A Song of Ice and Fire #2),Add a comment,Three,£10.79
666,The Tipping Point: How Little Things Can Make a Big Difference,Add a comment,Two,£10.02
667,The Rest Is Noise: Listening to the Twentieth Century,Add a comment,One,£34.77
668,The Purpose Driven Life: What on Earth Am I Here for?,Add a comment,Three,£37.19
669,The Hitchhiker's Guide to the Galaxy (Hitchhiker's Guide to the Galaxy #1),Add a comment,Three,£47.80
670,The Girl Who Kicked the Hornet's Nest (Millennium Trilogy #3),Add a comment,One,£57.48
671,"The End of Faith: Religion, Terror, and the Future of Reason",Add a comment,Four,£22.13
672,The Complete Poems,Add a comment,Five,£41.32
673,The Catcher in the Rye,Add a comment,One,£24.55
674,The Case for Christ (Cases for Christianity),Add a comment,One,£47.84
675,The Blind Side: Evolution of a Game,Add a comment,Five,£53.71
676,Seven Days in the Art World,Add a comment,Two,£52.33
677,Sarah's Key,Add a comment,One,£46.29
678,Rogue Lawyer (Rogue Lawyer #1),Add a comment,Three,£50.11
679,Manuscript Found in Accra,Add a comment,Two,£34.98
680,Fire Bound (Sea Haven/Sisters of the Heart #5),Add a comment,Four,£21.28
681,Cosmos,Add a comment,Two,£36.17
682,#GIRLBOSS,Add a comment,One,£50.96
683,The Sense of an Ending,Add a comment,Three,£31.38
684,The Republic,Add a comment,Three,£33.78
685,The Odyssey,Add a comment,Three,£29.64
686,The Light of the Fireflies,Add a comment,One,£54.43
687,The Iliad,Add a comment,One,£16.16
688,The Communist Manifesto,Add a comment,Three,£14.76
689,Lord of the Flies,Add a comment,Three,£24.89
690,Unicorn Tracks,Fantasy,Three,£18.78
691,"Saga, Volume 6 (Saga (Collected Editions) #6)",Fantasy,Three,£25.02
692,Princess Between Worlds (Wide-Awake Princess #5),Fantasy,Five,£13.34
693,Masks and Shadows,Fantasy,Two,£56.40
694,Crown of Midnight (Throne of Glass #2),Fantasy,Three,£43.29
695,"Avatar: The Last Airbender: Smoke and Shadow, Part 3 (Smoke and Shadow #3)",Fantasy,Two,£28.09
696,A Court of Thorns and Roses (A Court of Thorns and Roses #1),Fantasy,One,£52.37
697,Throne of Glass (Throne of Glass #1),Fantasy,Three,£35.07
698,The Glittering Court (The Glittering Court #1),Fantasy,One,£44.28
699,Hollow City (Miss Peregrineâs Peculiar Children #2),Fantasy,One,£42.98
700,The Star-Touched Queen,Fantasy,Five,£32.30
701,The Hidden Oracle (The Trials of Apollo #1),Fantasy,Two,£52.26
702,The Bane Chronicles (The Bane Chronicles #1-11),Fantasy,Four,£44.73
703,Island of Dragons (Unwanteds #7),Fantasy,One,£29.65
704,Demigods & Magicians: Percy and Annabeth Meet the Kanes (Percy Jackson & Kane Chronicles Crossover #1-3),Fantasy,Five,£37.51
705,City of Glass (The Mortal Instruments #3),Fantasy,Four,£56.02
706,Searching for Meaning in Gailana,Fantasy,One,£38.73
707,A Shard of Ice (The Black Symphony Saga #1),Fantasy,Three,£56.63
708,King's Folly (The Kinsman Chronicles #1),Fantasy,Five,£39.61
709,Every Heart a Doorway (Every Heart A Doorway #1),Fantasy,Five,£12.16
710,A Gathering of Shadows (Shades of Magic #2),Fantasy,Four,£44.81
711,The Raven Boys (The Raven Cycle #1),Fantasy,Four,£57.74
712,The False Prince (The Ascendance Trilogy #1),Fantasy,Five,£56.00
713,Tell the Wind and Fire,Fantasy,Three,£45.51
714,A Feast for Crows (A Song of Ice and Fire #4),Fantasy,Four,£17.21
715,The Demonists (Demonist #1),Fantasy,Two,£52.11
716,The Beast (Black Dagger Brotherhood #14),Fantasy,Five,£46.08
717,Paper and Fire (The Great Library #2),Fantasy,Five,£49.45
718,Harry Potter and the Order of the Phoenix (Harry Potter #5),Fantasy,Four,£31.63
719,Harry Potter and the Half-Blood Prince (Harry Potter #6),Fantasy,Five,£48.75
720,Harry Potter and the Chamber of Secrets (Harry Potter #2),Fantasy,One,£14.74
721,The Rose & the Dagger (The Wrath and the Dawn #2),Fantasy,Four,£58.64
722,Soldier (Talon #3),Fantasy,Two,£24.72
723,Midnight Riot (Peter Grant/ Rivers of London - books #1),Fantasy,Two,£55.46
724,Heir to the Sky,Fantasy,Four,£44.07
725,Eragon (The Inheritance Cycle #1),Fantasy,Three,£43.87
726,Darkfever (Fever #1),Fantasy,One,£56.02
727,Ash,Fantasy,Four,£22.06
728,A Storm of Swords (A Song of Ice and Fire #3),Fantasy,Two,£31.22
729,Vampire Girl (Vampire Girl #1),Fantasy,Two,£53.82
730,The Silent Twin (Detective Jennifer Knight #3),Fantasy,Three,£36.25
731,The Mirror & the Maze (The Wrath and the Dawn #1.5),Fantasy,One,£29.38
732,Sister Sable (The Mad Queen #1),Fantasy,Three,£13.33
733,Shadow Rites (Jane Yellowrock #10),Fantasy,Four,£21.72
734,Origins (Alphas 0.5),Fantasy,One,£28.99
735,One Second (Seven #7),Fantasy,Two,£52.94
736,Myriad (Prentor #1),Fantasy,Four,£58.75
737,Without Borders (Wanderlove #1),New Adult,Two,£45.07
738,The Mistake (Off-Campus #2),New Adult,Three,£43.29
739,The Matchmaker's Playbook (Wingmen Inc. #1),New Adult,One,£55.85
740,The Hook Up (Game On #1),New Adult,Five,£36.29
741,Shameless,New Adult,Three,£58.35
742,Off Sides (Off #1),New Adult,Five,£39.45
743,The Requiem Red,Young Adult,One,£22.65
744,Set Me Free,Young Adult,Five,£17.46
745,The Natural History of Us (The Fine Art of Pretending #2),Young Adult,Three,£45.22
746,Obsidian (Lux #1),Young Adult,Two,£14.86
747,Burning,Young Adult,Three,£28.81
748,A Fierce and Subtle Poison,Young Adult,Four,£28.13
749,Scarlett Epstein Hates It Here,Young Adult,Five,£43.55
750,"Nightingale, Sing",Young Adult,One,£38.28
751,Library of Souls (Miss Peregrineâs Peculiar Children #3),Young Adult,Five,£48.56
752,Frostbite (Vampire Academy #2),Young Adult,Five,£29.99
753,Wild Swans,Young Adult,Two,£14.36
754,Until Friday Night (The Field Party #1),Young Adult,Two,£46.31
755,This Is Where It Ends,Young Adult,Two,£27.12
756,The Darkest Lie,Young Adult,Five,£35.35
757,My Kind of Crazy,Young Adult,One,£40.36
758,Don't Get Caught,Young Adult,One,£55.35
759,Catching Jordan (Hundred Oaks),Young Adult,Three,£50.83
760,Aristotle and Dante Discover the Secrets of the Universe (Aristotle and Dante Discover the Secrets of the Universe #1),Young Adult,Four,£58.14
761,The Epidemic (The Program 0.6),Young Adult,Five,£14.44
762,Stars Above (The Lunar Chronicles #4.5),Young Adult,Two,£48.05
763,No Love Allowed (Dodge Cove #1),Young Adult,Four,£54.65
764,"Exit, Pursued by a Bear",Young Adult,Four,£51.34
765,The Alien Club,Young Adult,One,£54.40
766,Don't Forget Steven,Young Adult,One,£33.23
767,South of Sunshine,Young Adult,One,£28.93
768,My Life Next Door (My Life Next Door ),Young Adult,Five,£36.39
769,Future Shock (Future Shock #1),Young Adult,Five,£55.65
770,Nightstruck: A Novel,Young Adult,Four,£50.35
771,Tell the Wolves I'm Home,Young Adult,Two,£50.96
772,"Will Grayson, Will Grayson (Will Grayson, Will Grayson)",Young Adult,Four,£47.31
773,Where She Went (If I Stay #2),Young Adult,Four,£41.73
774,Two Summers,Young Adult,One,£14.64
775,The Darkest Corners,Young Adult,Five,£11.33
776,Tell Me Three Things,Young Adult,One,£41.81
777,Lola and the Boy Next Door (Anna and the French Kiss #2),Young Adult,Four,£23.63
778,Kill the Boy Band,Young Adult,Five,£15.52
779,Isla and the Happily Ever After (Anna and the French Kiss #3),Young Adult,Five,£48.13
780,An Abundance of Katherines,Young Adult,Five,£10.00
781,Harry Potter and the Prisoner of Azkaban (Harry Potter #3),Young Adult,Four,£24.17
782,Walk the Edge (Thunder Road #2),Young Adult,Three,£32.36
783,Two Boys Kissing,Young Adult,Two,£32.74
784,The New Guy (and Other Senior Year Distractions),Young Adult,Three,£44.92
785,"The Land of 10,000 Madonnas",Young Adult,Four,£29.64
786,Scarlet (The Lunar Chronicles #2),Young Adult,Four,£14.57
787,Legend (Legend #1),Young Adult,Four,£43.69
788,Lady Renegades (Rebel Belle #3),Young Adult,Five,£53.04
789,Golden (Heart of Dread #3),Young Adult,Four,£42.21
790,Cinder (The Lunar Chronicles #1),Young Adult,One,£26.09
791,Boy Meets Boy,Young Adult,Three,£21.12
792,Annie on My Mind,Young Adult,Five,£36.83
793,New Moon (Twilight #2),Young Adult,Four,£12.86
794,Girl Online On Tour (Girl Online #2),Young Adult,One,£53.47
795,The Haters,Young Adult,Five,£27.89
796,The Art of Not Breathing,Young Adult,Four,£40.83
797,The Most Perfect Thing: Inside (and Outside) a Bird's Egg,Science,Four,£42.96
798,Immunity: How Elie Metchnikoff Changed the Course of Modern Medicine,Science,Five,£57.36
799,Sorting the Beef from the Bull: The Science of Food Fraud Forensics,Science,Four,£44.74
800,Tipping Point for Planet Earth: How Close Are We to the Edge?,Science,One,£37.55
801,"The Fabric of the Cosmos: Space, Time, and the Texture of Reality",Science,One,£55.91
802,Diary of a Citizen Scientist: Chasing Tiger Beetles and Other New Ways of Engaging the World,Science,One,£28.41
803,The Origin of Species,Science,Four,£10.01
804,The Grand Design,Science,Three,£13.76
805,Peak: Secrets from the New Science of Expertise,Science,Two,£16.28
806,"The Elegant Universe: Superstrings, Hidden Dimensions, and the Quest for the Ultimate Theory",Science,Four,£13.03
807,"The Disappearing Spoon: And Other True Tales of Madness, Love, and the History of the World from the Periodic Table of the Elements",Science,Five,£57.35
808,"Surely You're Joking, Mr. Feynman!: Adventures of a Curious Character",Science,Two,£25.83
809,Seven Brief Lessons on Physics,Science,Four,£30.60
810,The Selfish Gene,Science,One,£29.45
811,A Light in the Attic,Poetry,Three,£51.77
812,The Black Maria,Poetry,One,£52.15
813,Shakespeare's Sonnets,Poetry,Four,£20.66
814,Olio,Poetry,One,£23.88
815,You can't bury them all: Poems,Poetry,Two,£33.63
816,Slow States of Collapse: Poems,Poetry,Three,£57.31
817,Untitled Collection: Sabbath Poems 2014,Poetry,Four,£14.27
818,Poems That Make Grown Women Cry,Poetry,Four,£14.19
819,Night Sky with Exit Wounds,Poetry,One,£41.05
820,salt.,Poetry,Four,£46.78
821,"Quarter Life Poetry: Poems for the Young, Broke and Hangry",Poetry,Five,£50.89
822,Out of Print: City Lights Spotlight No. 14,Poetry,Five,£53.64
823,Les Fleurs du Mal,Poetry,Five,£29.04
824,Howl and Other Poems,Poetry,Two,£40.45
825,Leave This Song Behind: Teen Poetry at Its Best,Poetry,Five,£51.17
826,The Collected Poems of W.B. Yeats (The Collected Works of W.B. Yeats #1),Poetry,Five,£15.42
827,The Crossover,Poetry,Four,£38.77
828,Booked,Poetry,Five,£17.49
829,Twenty Love Poems and a Song of Despair,Poetry,Four,£30.95
830,"Vampire Knight, Vol. 1 (Vampire Knight #1)",Paranormal,One,£15.40
831,Wall and Piece,Art,Four,£44.18
832,Feathers: Displays of Brilliant Plumage,Art,Three,£49.05
833,Art and Fear: Observations on the Perils (and Rewards) of Artmaking,Art,Four,£48.63
834,The New Drawing on the Right Side of the Brain,Art,Three,£43.02
835,History of Beauty,Art,Four,£10.29
836,The Story of Art,Art,Four,£41.14
837,The Art Book,Art,Two,£32.34
838,Ways of Seeing,Art,Five,£39.51
839,The Lucifer Effect: Understanding How Good People Turn Evil,Psychology,One,£10.40
840,The Golden Condom: And Other Essays on Love Lost and Found,Psychology,One,£39.43
841,It Didn't Start with You: How Inherited Family Trauma Shapes Who We Are and How to End the Cycle,Psychology,Three,£56.27
842,An Unquiet Mind: A Memoir of Moods and Madness,Psychology,Three,£21.30
843,"Thinking, Fast and Slow",Psychology,One,£21.14
844,Civilization and Its Discontents,Psychology,Two,£59.95
845,8 Keys to Mental Health Through Exercise,Psychology,One,£31.04
846,The Argonauts,Autobiography,Two,£10.93
847,M Train,Autobiography,One,£27.18
848,Lab Girl,Autobiography,One,£40.85
849,Approval Junkie: Adventures in Caring Too Much,Autobiography,Five,£58.81
850,Running with Scissors,Autobiography,Four,£12.91
851,Me Talk Pretty One Day,Autobiography,Two,£57.60
852,Lust & Wonder,Autobiography,Two,£11.87
853,Life Without a Recipe,Autobiography,Five,£59.04
854,A Heartbreaking Work of Staggering Genius,Autobiography,Five,£54.29
855,Catastrophic Happiness: Finding Joy in Childhood's Messy Years,Parenting,Two,£37.35
856,Fifty Shades Freed (Fifty Shades #3),Adult Fiction,Five,£15.36
857,The Long Haul (Diary of a Wimpy Kid #9),Humor,One,£44.07
858,Old School (Diary of a Wimpy Kid #10),Humor,Five,£11.83
859,I Know What I'm Doing -- and Other Lies I Tell Myself: Dispatches from a Life Under Construction,Humor,Four,£25.98
860,"Hyperbole and a Half: Unfortunate Situations, Flawed Coping Mechanisms, Mayhem, and Other Things That Happened",Humor,Five,£14.75
861,Dress Your Family in Corduroy and Denim,Humor,Three,£43.68
862,Toddlers Are A**holes: It's Not Your Fault,Humor,One,£25.55
863,When You Are Engulfed in Flames,Humor,Five,£30.89
864,Naked,Humor,Three,£31.69
865,"Lamb: The Gospel According to Biff, Christ's Childhood Pal",Humor,Five,£55.50
866,Holidays on Ice,Humor,Two,£51.07
867,Security,Horror,Two,£39.25
868,Follow You Home,Horror,One,£21.36
869,The Loney,Horror,One,£23.40
870,Pet Sematary,Horror,Three,£10.56
871,Doctor Sleep (The Shining #2),Horror,Two,£40.12
872,Psycho: Sanitarium (Psycho #1.5),Horror,Five,£36.97
873,Can You Keep a Secret? (Fear Street Relaunch #4),Horror,One,£48.64
874,Red Dragon (Hannibal Lecter #1),Horror,Three,£23.37
875,Dracula the Un-Dead,Horror,Five,£35.63
876,Night Shift (Night Shift #1-20),Horror,Four,£12.75
877,Needful Things,Horror,Four,£47.51
878,Misery,Horror,Two,£34.79
879,It,Horror,Three,£25.01
880,'Salem's Lot,Horror,Four,£49.56
881,The Stand,Horror,Two,£57.86
882,The Girl with All the Gifts,Horror,Three,£49.47
883,House of Leaves,Horror,One,£54.89
884,Sapiens: A Brief History of Humankind,History,Five,£54.23
885,"Unbound: How Eight Technologies Made Us Human, Transformed Society, and Brought Our World to the Brink",History,One,£25.52
886,The Age of Genius: The Seventeenth Century and the Birth of the Modern Mind,History,One,£19.73
887,"Political Suicide: Missteps, Peccadilloes, Bad Calls, Backroom Hijinx, Sordid Pasts, Rotten Breaks, and Just Plain Dumb Mistakes in the Annals of American Politics",History,Two,£36.28
888,Thomas Jefferson and the Tripoli Pirates: The Forgotten War That Changed American History,History,One,£59.64
889,Zealot: The Life and Times of Jesus of Nazareth,History,Three,£24.70
890,A Distant Mirror: The Calamitous 14th Century,History,Three,£14.58
891,1491: New Revelations of the Americas Before Columbus,History,Three,£21.80
892,Brilliant Beacons: A History of the American Lighthouse,History,Three,£11.45
893,"""Most Blessed of the Patriarchs"": Thomas Jefferson and the Empire of the Imagination",History,Five,£44.48
894,A Short History of Nearly Everything,History,Five,£52.40
895,The Rise and Fall of the Third Reich: A History of Nazi Germany,History,Two,£39.67
896,Catherine the Great: Portrait of a Woman,History,Four,£58.55
897,The Mathews Men: Seven Brothers and the War Against Hitler's U-boats,History,Five,£42.91
898,The Hiding Place,History,Four,£55.91
899,America's War for the Greater Middle East: A Military History,History,Two,£51.22
900,The Guns of August,History,Two,£14.54
901,"House of Lost Worlds: Dinosaurs, Dynasties, and the Story of Life on Earth",History,Two,£43.70
902,"Foolproof Preserving: A Guide to Small Batch Jams, Jellies, Pickles, Condiments, and More: A Foolproof Guide to Making Small Batch Jams, Jellies, Pickles, Condiments, and More",Food and Drink,Three,£30.52
903,"The Pioneer Woman Cooks: Dinnertime: Comfort Classics, Freezer Food, 16-Minute Meals, and Other Delicious Ways to Solve Supper!",Food and Drink,One,£56.41
904,My Paris Kitchen: Recipes and Stories,Food and Drink,Two,£33.37
905,"Mama Tried: Traditional Italian Cooking for the Screwed, Crude, Vegan, and Tattooed",Food and Drink,Four,£14.02
906,"Layered: Baking, Building, and Styling Spectacular Cakes",Food and Drink,One,£40.11
907,The Nerdy Nummies Cookbook: Sweet Treats for the Geek in All of Us,Food and Drink,Five,£37.34
908,The Love and Lemons Cookbook: An Apple-to-Zucchini Celebration of Impromptu Cooking,Food and Drink,Two,£37.60
909,The Cookies & Cups Cookbook: 125+ sweet & savory recipes reminding you to Always Eat Dessert First,Food and Drink,One,£41.25
910,"Deliciously Ella Every Day: Quick and Easy Recipes for Gluten-Free Snacks, Packed Lunches, and Simple Meals",Food and Drink,Three,£42.16
911,The Help Yourself Cookbook for Kids: 60 Easy Plant-Based Recipes Kids Can Make to Stay Healthy and Save the Earth,Food and Drink,Three,£28.77
912,"It's All Easy: Healthy, Delicious Weeknight Meals in under 30 Minutes",Food and Drink,One,£19.55
913,Barefoot Contessa Back to Basics,Food and Drink,One,£28.01
914,Barefoot Contessa at Home: Everyday Recipes You'll Make Over and Over Again,Food and Drink,Five,£50.62
915,My Kitchen Year: 136 Recipes That Saved My Life,Food and Drink,Two,£11.53
916,Everyday Italian: 125 Simple and Delicious Recipes,Food and Drink,Five,£20.10
917,"A la Mode: 120 Recipes in 60 Pairings: Pies, Tarts, Cakes, Crisps, and More Topped with Ice Cream, Gelato, Frozen Custard, and More",Food and Drink,One,£38.77
918,Cravings: Recipes for What You Want to Eat,Food and Drink,Three,£20.50
919,"The Moosewood Cookbook: Recipes from Moosewood Restaurant, Ithaca, New York",Food and Drink,Four,£12.34
920,32 Yolks,Food and Drink,Two,£53.63
921,"Naturally Lean: 125 Nourishing Gluten-Free, Plant-Based Recipes--All Under 300 Calories",Food and Drink,Five,£11.38
922,How to Cook Everything Vegetarian: Simple Meatless Recipes for Great Food (How to Cook Everything),Food and Drink,Four,£46.01
923,How to Be a Domestic Goddess: Baking and the Art of Comfort Cooking,Food and Drink,Two,£28.25
924,The Barefoot Contessa Cookbook,Food and Drink,Five,£59.92
925,Better Homes and Gardens New Cook Book,Food and Drink,Three,£39.61
926,The Power Greens Cookbook: 140 Delicious Superfood Recipes,Food and Drink,Five,£11.05
927,Mexican Today: New and Rediscovered Recipes for Contemporary Kitchens,Food and Drink,Five,£24.91
928,Vegan Vegetarian Omnivore: Dinner for Everyone at the Table,Food and Drink,Two,£13.66
929,The Smitten Kitchen Cookbook,Food and Drink,One,£23.59
930,"The Art of Simple Food: Notes, Lessons, and Recipes from a Delicious Revolution",Food and Drink,Three,£34.32
931,Hungry Girl Clean & Hungry: Easy All-Natural Recipes for Healthy Eating in the Real World,Food and Drink,Three,£33.14
932,Redeeming Love,Christian Fiction,Five,£20.47
933,Close to You,Christian Fiction,Four,£49.46
934,Shadows of the Past (Logan Point #1),Christian Fiction,Five,£39.67
935,Like Never Before (Walker Family #2),Christian Fiction,Two,£28.77
936,Counted With the Stars (Out from Egypt #1),Christian Fiction,Five,£17.97
937,If I Run (If I Run #1),Christian Fiction,Four,£49.97
938,The Dirty Little Secrets of Getting Your Dream Job,Business,Four,£33.34
939,The Third Wave: An Entrepreneurâs Vision of the Future,Business,Five,£12.61
940,The 10% Entrepreneur: Live Your Startup Dream Without Quitting Your Day Job,Business,Three,£27.55
941,Shoe Dog: A Memoir by the Creator of NIKE,Business,Two,£23.99
942,Made to Stick: Why Some Ideas Survive and Others Die,Business,Five,£38.85
943,Quench Your Own Thirst: Business Lessons Learned Over a Beer or Two,Business,One,£43.14
944,The Art of Startup Fundraising,Business,Three,£21.00
945,Born for This: How to Find the Work You Were Meant to Do,Business,Five,£21.59
946,The E-Myth Revisited: Why Most Small Businesses Don't Work and What to Do About It,Business,One,£36.91
947,"Rich Dad, Poor Dad",Business,One,£51.74
948,The Lean Startup: How Today's Entrepreneurs Use Continuous Innovation to Create Radically Successful Businesses,Business,Three,£33.92
949,Rework,Business,Two,£44.88
950,Louisa: The Extraordinary Life of Mrs. Adams,Biography,Two,£16.85
951,"Setting the World on Fire: The Brief, Astonishing Life of St. Catherine of Siena",Biography,Two,£21.15
952,The Faith of Christopher Hitchens: The Restless Soul of the World's Most Notorious Atheist,Biography,One,£39.55
953,Benjamin Franklin: An American Life,Biography,Three,£48.19
954,The Rise of Theodore Roosevelt (Theodore Roosevelt #1),Biography,Three,£42.57
955,In Her Wake,Thriller,One,£12.84
956,The Elephant Tree,Thriller,Five,£23.82
957,Behind Closed Doors,Thriller,Four,£52.22
958,You (You #1),Thriller,Five,£43.61
959,The Guilty (Will Robie #4),Thriller,Two,£13.82
960,The 14th Colony (Cotton Malone #11),Thriller,One,£39.24
961,Give It Back,Thriller,Two,£18.32
962,Killing Floor (Jack Reacher #1),Thriller,Four,£31.49
963,The Bone Hunters (Lexy Vaughan & Steven Macaulay #2),Thriller,Three,£59.71
964,Far From True (Promise Falls Trilogy #2),Thriller,Two,£34.93
965,The Travelers,Thriller,One,£15.77
966,When We Collided,Contemporary,One,£31.77
967,Someone Like You (The Harrisons #2),Contemporary,Five,£52.79
968,We Are All Completely Beside Ourselves,Contemporary,One,£24.04
969,The Four Agreements: A Practical Guide to Personal Freedom,Spirituality,Five,£17.66
970,The Activist's Tao Te Ching: Ancient Advice for a Modern Revolution,Spirituality,Five,£32.24
971,Chasing Heaven: What Dying Taught Me About Living,Spirituality,Two,£37.80
972,If I Gave You God's Phone Number....: Searching for Spirituality in America,Spirituality,One,£20.91
973,Unreasonable Hope: Finding Faith in the God Who Brings Purpose to Your Pain,Spirituality,Two,£46.33
974,A New Earth: Awakening to Your Life's Purpose,Spirituality,Five,£55.65
975,Logan Kade (Fallen Crest High #5.5),Academic,Two,£13.12
976,Online Marketing for Busy Authors: A Step-By-Step Guide,Self Help,One,£46.35
977,How to Be Miserable: 40 Strategies You Already Use,Self Help,One,£46.03
978,"Overload: How to Unplug, Unwind, and Unleash Yourself from the Pressure of Stress",Self Help,Three,£52.15
979,You Are a Badass: How to Stop Doubting Your Greatness and Start Living an Awesome Life,Self Help,Three,£12.08
980,How to Stop Worrying and Start Living,Self Help,Five,£46.49
981,All the Light We Cannot See,Historical,Five,£29.87
982,The Girl You Left Behind (The Girl You Left Behind #1),Historical,One,£15.79
983,(Un)Qualified: How God Uses Broken People to Do Big Things,Christian,Five,£54.00
984,Crazy Love: Overwhelmed by a Relentless God,Christian,Two,£47.72
985,Blue Like Jazz: Nonreligious Thoughts on Christian Spirituality,Christian,One,£25.77
986,Silence in the Dark (Logan Point #4),Suspense,Three,£58.33
987,The Grownup,Short Stories,One,£35.88
988,Suzie Snowflake: One beautiful flake (a self-esteem story),Novels,Five,£54.81
989,"The Bulletproof Diet: Lose up to a Pound a Day, Reclaim Energy and Focus, Upgrade Your Life",Health,Three,£49.05
990,"Eat Fat, Get Thin",Health,Two,£54.07
991,10-Day Green Smoothie Cleanse: Lose Up to 15 Pounds in 10 Days!,Health,Five,£49.71
992,The Art and Science of Low Carbohydrate Living,Health,Five,£52.98
993,Libertarianism for Beginners,Politics,Two,£51.33
994,Why the Right Went Wrong: Conservatism--From Goldwater to the Tea Party and Beyond,Politics,Four,£52.65
995,Equal Is Unfair: America's Misguided Fight Against Income Inequality,Politics,One,£56.86
996,Amid the Chaos,Cultural,One,£36.58
997,Dark Notes,Erotica,Five,£19.19
998,The Long Shadow of Small Ghosts: Murder and Memory in an American City,Crime,One,£10.97
